codigo_bdns,MRR,administracion,departamento,organo,fecha_registro,titulo_convocatoria,url_bases_regul,importe_total,tipo_beneficiario,sector_beneficiario,region_impacto,finalidad
617500,NO,DIPUTACIÓN PROV. DE JAÉN,DIPUTACIÓN PROVINCIAL DE JAÉN,,25/03/2022,ADQUISICION DE MOBILIARIO PARA EDIFICIO AULAS DE NATURALEZA,https://www.dipujaen.es/portal-de-transparencia/economica-financiera,"7,500.00 €",PERSONAS JURÍDICAS QUE NO DESARROLLAN ACTIVIDAD ECONÓMICA,Acabado de edificios,ES616 - Jaén,INFRAESTRUCTURAS
617499,NO,REGIÓN DE MURCIA,INSTITUTO MURCIANO DE ACCION SOCIAL (I.M.A.S.),,25/03/2022,MANCOMUNIDAD RIO MULA MANTENIMIENTO CENTRO ATENCIÓN TEMPRANA,https://www.borm.es/services/anuncio/ano/2022/numero/310/pdf?id=799320,"138,611.00 €",PERSONAS JURÍDICAS QUE NO DESARROLLAN ACTIVIDAD ECONÓMICA,ACTIVIDADES SANITARIAS Y DE SERVICIOS SOCIALES,ES62 - REGION DE MURCIA,SERVICIOS SOCIALES Y PROMOCIÓN SOCIAL
617498,NO,ONDA,AYUNTAMIENTO DE ONDA,,25/03/2022,Convenio de colaboración entre el Ayuntamiento de Onda y el Club Deportivo Onda,https://www.onda.es/ond/web_php/index.php?contenido=subapartados_woden&id_boto=355,"111,600.00 €",PERSONAS JURÍDICAS QUE NO DESARROLLAN ACTIVIDAD ECONÓMICA,"ACTIVIDADES ARTÍSTICAS, RECREATIVAS Y DE ENTRETENIMIENTO",ES522 - Castellón / Castelló,CULTURA
617497,NO,TORRENT,AYUNTAMIENTO DE TORRENT,,25/03/2022,SUBVENCION DIRECTA VARIOS ENTES 2020,https://www.torrent.es/torrentPublic/inicio/serveis/ajudessubvencions.html,"20,500.00 €",PERSONAS JURÍDICAS QUE NO DESARROLLAN ACTIVIDAD ECONÓMICA,OTROS SERVICIOS,ES523 - Valencia / València,SERVICIOS SOCIALES Y PROMOCIÓN SOCIAL
617496,NO,REGIÓN DE MURCIA,INSTITUTO MURCIANO DE ACCION SOCIAL (I.M.A.S.),,25/03/2022,AYUNTAMIENTO YECLA MANTENIMIENTO CENTRO ATENCIÓN TEMPRANA,https://www.borm.es/services/anuncio/ano/2022/numero/310/pdf?id=799320,"170,879.00 €",PERSONAS JURÍDICAS QUE NO DESARROLLAN ACTIVIDAD ECONÓMICA,ACTIVIDADES SANITARIAS Y DE SERVICIOS SOCIALES,ES62 - REGION DE MURCIA,SERVICIOS SOCIALES Y PROMOCIÓN SOCIAL
617495,NO,ONDA,AYUNTAMIENTO DE ONDA,,25/03/2022,Convenio de colaboración entre el Ayuntamiento de Onda y el Club Pilotari d'Onda de Pilota Valenciana,https://www.onda.es/ond/web_php/index.php?contenido=subapartados_woden&id_boto=355,"6,500.00 €",PERSONAS JURÍDICAS QUE NO DESARROLLAN ACTIVIDAD ECONÓMICA,"ACTIVIDADES ARTÍSTICAS, RECREATIVAS Y DE ENTRETENIMIENTO",ES522 - Castellón / Castelló,CULTURA
617494,NO,TORRENT,AYUNTAMIENTO DE TORRENT,,25/03/2022,ASIGNACION GRUPOS POLITICOS A ENTIDADES SOCIALES POR COVID-19,https://www.torrent.es/,"4,326.30 €",PERSONAS JURÍDICAS QUE NO DESARROLLAN ACTIVIDAD ECONÓMICA,OTROS SERVICIOS,ES523 - Valencia / València,SERVICIOS SOCIALES Y PROMOCIÓN SOCIAL
617492,NO,REGIÓN DE MURCIA,INSTITUTO MURCIANO DE ACCION SOCIAL (I.M.A.S.),,25/03/2022,AYUNTAMIENTO TOTANA MANTENIMIENTO CENTRO ATENCIÓN TEMPRANA Y CENTRO OCUPACIONAL,https://www.borm.es/services/anuncio/ano/2022/numero/310/pdf?id=799320,"102,004.00 €",PERSONAS JURÍDICAS QUE NO DESARROLLAN ACTIVIDAD ECONÓMICA,ACTIVIDADES SANITARIAS Y DE SERVICIOS SOCIALES,ES62 - REGION DE MURCIA,SERVICIOS SOCIALES Y PROMOCIÓN SOCIAL
617491,NO,ONDA,AYUNTAMIENTO DE ONDA,,25/03/2022,Convenio de colaboración entre el Ayuntamiento de Onda y el Club de Cazadores San Roque,https://www.onda.es/ond/web_php/index.php?contenido=subapartados_woden&id_boto=355,"10,000.00 €",PERSONAS JURÍDICAS QUE NO DESARROLLAN ACTIVIDAD ECONÓMICA,"ACTIVIDADES ARTÍSTICAS, RECREATIVAS Y DE ENTRETENIMIENTO",ES522 - Castellón / Castelló,CULTURA
617490,NO,ARAGÓN,INSTITUTO ARAGONÉS DE LA MUJER (IAM),,25/03/2022,"CONVENIO DE COLABORACIÓN ENTRE EL INSTITUTO ARAGONÉS DE LA MUJER Y LA COMARCA BAJO CINCA/BAIX CINCA PARA LA PRESTACIÓN DEL SERVICIO DE ATENCIÓN PSICOLÓGICA, SOCIAL Y EDUCATIVA FAMILIAR",http://www.boa.aragon.es/cgi-bin/EBOA/BRSCGI?CMD=VEROBJ&MLKOB=847747263333&type=pdf,"22,303.20 €",PERSONAS JURÍDICAS QUE NO DESARROLLAN ACTIVIDAD ECONÓMICA,Administración Pública y de la política económica y social,ES24 - ARAGON,SERVICIOS SOCIALES Y PROMOCIÓN SOCIAL
617489,NO,ONDA,AYUNTAMIENTO DE ONDA,,25/03/2022,Convenio de colaboración entre el Ayuntamiento de Onda y el Club de Natación Onda,https://www.onda.es/ond/web_php/index.php?contenido=subapartados_woden&id_boto=355,"13,000.00 €",PERSONAS JURÍDICAS QUE NO DESARROLLAN ACTIVIDAD ECONÓMICA,"ACTIVIDADES ARTÍSTICAS, RECREATIVAS Y DE ENTRETENIMIENTO",ES522 - Castellón / Castelló,CULTURA
617488,NO,VANDELLÒS I L'HOSPITALET DE L'INFANT,AYUNTAMIENTO DE VANDELLÒS I L'HOSPITALET DE I'INFANT,,25/03/2022,"CONVENIO DE COLABORACIÓN ENTRE EL AYUNTAMIENTO DE VANDELLÒS I L'HOSPITALET DE L'INFANT Y EL CLUB CENTRE EXCURSIONISTA SERRES DEL MESTRAL, PARA AYUDAR A FINANCIAR LOS TRABAJOS DE MANTENIMIENTO DE LA SEÑALIZACIÓN Y DEL MARCAJE DE CAMINOS",https://www.boe.es/buscar/act.php?id=BOE-A-2003-20977,"3,000.00 €",PERSONAS JURÍDICAS QUE NO DESARROLLAN ACTIVIDAD ECONÓMICA,OTROS SERVICIOS,ES514 - Tarragona,OTRAS PRESTACIONES ECONÓMICAS
617487,NO,REGIÓN DE MURCIA,INSTITUTO MURCIANO DE ACCION SOCIAL (I.M.A.S.),,25/03/2022,AYUNTAMIENTO TORRES DE COTILLAS MANTENIMIENTO CENTRO DE ATENCIÓN TEMPRANA,https://www.borm.es/services/anuncio/ano/2022/numero/310/pdf?id=799320,"81,675.00 €",PERSONAS JURÍDICAS QUE NO DESARROLLAN ACTIVIDAD ECONÓMICA,ACTIVIDADES SANITARIAS Y DE SERVICIOS SOCIALES,ES62 - REGION DE MURCIA,SERVICIOS SOCIALES Y PROMOCIÓN SOCIAL
617486,NO,ONDA,AYUNTAMIENTO DE ONDA,,25/03/2022,Convenio de colaboración entre el Ayuntamiento de Onda y Club Ciclista Sepelaco,https://www.onda.es/ond/web_php/index.php?contenido=subapartados_woden&id_boto=355,"45,000.00 €",PERSONAS JURÍDICAS QUE NO DESARROLLAN ACTIVIDAD ECONÓMICA,"ACTIVIDADES ARTÍSTICAS, RECREATIVAS Y DE ENTRETENIMIENTO",ES522 - Castellón / Castelló,CULTURA
617485,NO,REGIÓN DE MURCIA,INSTITUTO MURCIANO DE ACCION SOCIAL (I.M.A.S.),,25/03/2022,AYUNTAMIENTO PUERTO LUMBRERAS MANTENIMIENTO CENTRO CENTRO ATENCIÓN TEMPRANA,https://www.borm.es/services/anuncio/ano/2022/numero/310/pdf?id=799320,"93,159.00 €",PERSONAS JURÍDICAS QUE NO DESARROLLAN ACTIVIDAD ECONÓMICA,ACTIVIDADES SANITARIAS Y DE SERVICIOS SOCIALES,ES62 - REGION DE MURCIA,SERVICIOS SOCIALES Y PROMOCIÓN SOCIAL
617484,NO,PEÑAMELLERA BAJA,AYUNTAMIENTO DE PEÑAMELLERA BAJA,,25/03/2022,CONVENIO RALLYSPRINT CARES DEVA,https://sedeelectronica.aytopbpanes.es/,"4,000.00 €",PERSONAS JURÍDICAS QUE NO DESARROLLAN ACTIVIDAD ECONÓMICA,Actividades deportivas,ES120 - Asturias,CULTURA
617483,NO,ARAGÓN,INSTITUTO ARAGONÉS DE LA MUJER (IAM),,25/03/2022,"CONVENIO DE COLABORACIÓN ENTRE EL INSTITUTO ARAGONÉS DE LA MUJER Y LA COMARCA ARANDA PARA LA PRESTACIÓN DEL SERVICIO DE ATENCIÓN PSICOLÓGICA, SOCIAL Y EDUCATIVA FAMILIAR",http://www.boa.aragon.es/cgi-bin/EBOA/BRSCGI?CMD=VEROBJ&MLKOB=847747263333&type=pdf,"18,858.70 €",PERSONAS JURÍDICAS QUE NO DESARROLLAN ACTIVIDAD ECONÓMICA,Administración Pública y de la política económica y social,ES24 - ARAGON,SERVICIOS SOCIALES Y PROMOCIÓN SOCIAL
617482,NO,REGIÓN DE MURCIA,INSTITUTO MURCIANO DE ACCION SOCIAL (I.M.A.S.),,25/03/2022,AYUNTAMIENTO MOLINA DEL SEGURA MANTENIMIENTO CENTRO ATENCIÓN TEMPRANA,https://www.borm.es/services/anuncio/ano/2022/numero/310/pdf?id=799320,"93,387.00 €",PERSONAS JURÍDICAS QUE NO DESARROLLAN ACTIVIDAD ECONÓMICA,ACTIVIDADES SANITARIAS Y DE SERVICIOS SOCIALES,ES62 - REGION DE MURCIA,SERVICIOS SOCIALES Y PROMOCIÓN SOCIAL
617480,NO,ONDA,AYUNTAMIENTO DE ONDA,,25/03/2022,Convenio de colaboración entre el Ayuntamiento de Onda y el Club Baloncesto Onda,https://www.onda.es/ond/web_php/index.php?contenido=subapartados_woden&id_boto=355,"21,100.00 €",PERSONAS JURÍDICAS QUE NO DESARROLLAN ACTIVIDAD ECONÓMICA,"ACTIVIDADES ARTÍSTICAS, RECREATIVAS Y DE ENTRETENIMIENTO",ES522 - Castellón / Castelló,CULTURA
617479,NO,PEÑAMELLERA BAJA,AYUNTAMIENTO DE PEÑAMELLERA BAJA,,25/03/2022,AYUDA ECONOMICA III PANES CUP,https://sedeelectronica.aytopbpanes.es/,450.00 €,PERSONAS JURÍDICAS QUE NO DESARROLLAN ACTIVIDAD ECONÓMICA,"Actividades deportivas, recreativas y de entretenimiento",ES120 - Asturias,CULTURA
617477,NO,REGIÓN DE MURCIA,INSTITUTO MURCIANO DE ACCION SOCIAL (I.M.A.S.),,25/03/2022,AYUNTAMIENTO DE MAZARRON MANTENIMIENTO CENTRO ATENCIÓN TEMPRANA Y CENTRO OCUPACIONAL,https://www.borm.es/services/anuncio/ano/2022/numero/310/pdf?id=799320,"128,888.00 €",PERSONAS JURÍDICAS QUE NO DESARROLLAN ACTIVIDAD ECONÓMICA,ACTIVIDADES SANITARIAS Y DE SERVICIOS SOCIALES,ES62 - REGION DE MURCIA,SERVICIOS SOCIALES Y PROMOCIÓN SOCIAL
617476,NO,SALAMANCA,AYUNTAMIENTO DE SALAMANCA,,25/03/2022,"CONVENIO DE COLABORACIÓN ENTRE TURISMO, COMERCIO Y PROMOCIÓN ECONÓMICA DE SALAMANCA, S.A.U. Y LA ASOCIACIÓN DE ANTIGUOS ALUMNOS Y AMIGOS DE LA UNIVERSIDAD DE SALAMANCA",https://salamanca.es/es/transparencia,"38,000.00 €",PERSONAS JURÍDICAS QUE NO DESARROLLAN ACTIVIDAD ECONÓMICA,Actividades asociativas,ES415 - Salamanca,"COMERCIO, TURISMO Y PYMES"
617471,NO,PEÑAMELLERA BAJA,AYUNTAMIENTO DE PEÑAMELLERA BAJA,,25/03/2022,BLINCAPEÑAS 2021,https://sedeelectronica.aytopbpanes.es/,"1,500.00 €",PERSONAS JURÍDICAS QUE NO DESARROLLAN ACTIVIDAD ECONÓMICA,"Actividades deportivas, recreativas y de entretenimiento",ES120 - Asturias,CULTURA
617470,NO,CABILDO INSULAR DE TENERIFE,CABILDO INSULAR DE TENERIFE,,25/03/2022,"Acuerdo Consejo de Gobierno Insular tramitación anticipada otorgamiento subvención directa a la Sociedad Mercantil Estatal Aguas de las Cuencas España, S.A para la ejecución y explotación de actuaciones de Saneamiento y Depuración en la Isla de Tenerife",https://transparencia.tenerife.es/economico-financiera/presupuesto-aprobado-inicialmente,"113,881,065.00 €",PERSONAS JURÍDICAS QUE NO DESARROLLAN ACTIVIDAD ECONÓMICA,"SUMINISTRO DE AGUA, ACTIVIDADES DE SANEAMIENTO, GESTIÓN DE RESIDUOS Y DESCONTAMINACIÓN",ES709 - Tenerife,INFRAESTRUCTURAS
617469,NO,REGIÓN DE MURCIA,INSTITUTO MURCIANO DE ACCION SOCIAL (I.M.A.S.),,25/03/2022,AYUNTAMIENTO DE LORCA MANTENIMIENTO CENTRO ATENCIÓN TEMPRANA,https://www.borm.es/services/anuncio/ano/2022/numero/310/pdf?id=799320,"249,963.00 €",PERSONAS JURÍDICAS QUE NO DESARROLLAN ACTIVIDAD ECONÓMICA,ACTIVIDADES SANITARIAS Y DE SERVICIOS SOCIALES,ES62 - REGION DE MURCIA,SERVICIOS SOCIALES Y PROMOCIÓN SOCIAL
617468,NO,COMUNITAT VALENCIANA,SECRETARÍA AUTONÓMICA DE ARQUITECTURA BIOCLIMÁTICA Y SOSTENIBILIDAD ENERGÉTICA,,25/03/2022,CONVENIO PARA ACTUACIONES URBANAS FINESTRAT 2022,NO DISPONIBLE,"80,000.00 €",PERSONAS JURÍDICAS QUE NO DESARROLLAN ACTIVIDAD ECONÓMICA,Construcción de edificios,ES521 - Alicante / Alacant,ACCESO A LA VIVIENDA Y FOMENTO DE LA EDIFICACIÓN
617467,NO,REGIÓN DE MURCIA,INSTITUTO MURCIANO DE ACCION SOCIAL (I.M.A.S.),,25/03/2022,AYUNTAMIENTO FORTUNA MANTENIMIENTO CENTRO DE ATENCIÓN TEMPRANA Y CENTRO OCUPACIONAL,https://www.borm.es/services/anuncio/ano/2022/numero/310/pdf?id=799320,"70,896.00 €",PERSONAS JURÍDICAS QUE NO DESARROLLAN ACTIVIDAD ECONÓMICA,ACTIVIDADES SANITARIAS Y DE SERVICIOS SOCIALES,ES62 - REGION DE MURCIA,SERVICIOS SOCIALES Y PROMOCIÓN SOCIAL
617466,NO,PEÑAMELLERA BAJA,AYUNTAMIENTO DE PEÑAMELLERA BAJA,,25/03/2022,CONVENIO ENTRE LA ASOCIACION BOLISTICA PICO PEÑAMELLERA Y EL AYUNTAMIENTO DE PEÑAMELLERA BAJA PARA EL AÑO 2021,https://sedeelectronica.aytopbpanes.es/,"3,500.00 €",PERSONAS JURÍDICAS QUE NO DESARROLLAN ACTIVIDAD ECONÓMICA,"Actividades deportivas, recreativas y de entretenimiento",ES120 - Asturias,CULTURA
617463,NO,VIC,AYUNTAMIENTO DE VIC,,25/03/2022,SUBVENCION ASSOCIACION DE VEÃ?NS DEL BARRI DELS CAPUTXINS,http://bop.diba.cat/anunci/3002539/aprovacio-definitiva-de-l-ordenanca-general-de-subvencions-ajuntament-de-vic,"1,890.00 €",PERSONAS JURÍDICAS QUE NO DESARROLLAN ACTIVIDAD ECONÓMICA,"ACTIVIDADES ARTÍSTICAS, RECREATIVAS Y DE ENTRETENIMIENTO",ES511 - Barcelona,CULTURA
617462,NO,COMUNITAT VALENCIANA,SECRETARÍA AUTONÓMICA DE ARQUITECTURA BIOCLIMÁTICA Y SOSTENIBILIDAD ENERGÉTICA,,25/03/2022,CONVENIO PARA ACTUACIONES URBANAS FAURA 2022,NO DISPONIBLE,"340,000.00 €",PERSONAS JURÍDICAS QUE NO DESARROLLAN ACTIVIDAD ECONÓMICA,Construcción de edificios,ES523 - Valencia / València,ACCESO A LA VIVIENDA Y FOMENTO DE LA EDIFICACIÓN
617460,NO,CABILDO INSULAR DE TENERIFE,CABILDO INSULAR DE TENERIFE,,25/03/2022,Resolución del Consejero Insular de Desarrollo Sostenible y Lucha contra el Cambio Climático otorgamiento subvención nominativa al Ayuntamiento de El Rosario para ejecución de la Estación Depuradora de Aguas Residuales del Polígono de La Campana.,https://transparencia.tenerife.es/economico-financiera/presupuesto-aprobado-inicialmente,"1,500,000.00 €",PERSONAS JURÍDICAS QUE NO DESARROLLAN ACTIVIDAD ECONÓMICA,"SUMINISTRO DE AGUA, ACTIVIDADES DE SANEAMIENTO, GESTIÓN DE RESIDUOS Y DESCONTAMINACIÓN",ES709 - Tenerife,INFRAESTRUCTURAS
617457,NO,COMUNITAT VALENCIANA,SECRETARÍA AUTONÓMICA DE ARQUITECTURA BIOCLIMÁTICA Y SOSTENIBILIDAD ENERGÉTICA,,25/03/2022,CONVENIO PARA ACTUACIONES URBANAS ELX 2022,NO DISPONIBLE,"100,000.00 €",PERSONAS JURÍDICAS QUE NO DESARROLLAN ACTIVIDAD ECONÓMICA,Construcción de edificios,ES521 - Alicante / Alacant,ACCESO A LA VIVIENDA Y FOMENTO DE LA EDIFICACIÓN
617455,NO,MULA,AYUNTAMIENTO DE MULA,,25/03/2022,AYUDAS SERVICIOS SOCIALES - 2022,http://mula.es/web/wp-content/uploads/2019/06/Resolucion-Concesion-Ayudas-Sociales.pdf,"50,000.00 €",PERSONAS FÍSICAS QUE NO DESARROLLAN ACTIVIDAD ECONÓMICA,ACTIVIDADES SANITARIAS Y DE SERVICIOS SOCIALES,ES62 - REGION DE MURCIA,SERVICIOS SOCIALES Y PROMOCIÓN SOCIAL
617451,NO,REGIÓN DE MURCIA,INSTITUTO MURCIANO DE ACCION SOCIAL (I.M.A.S.),,25/03/2022,AYUNTAMIENTO DE CIEZA MANTENIMIENTO CENTRO DE ATENCIÓN TEMPRANA,https://www.borm.es/services/anuncio/ano/2022/numero/310/pdf?id=799320,"135,312.00 €",PERSONAS JURÍDICAS QUE NO DESARROLLAN ACTIVIDAD ECONÓMICA,ACTIVIDADES SANITARIAS Y DE SERVICIOS SOCIALES,ES62 - REGION DE MURCIA,SERVICIOS SOCIALES Y PROMOCIÓN SOCIAL
617450,NO,PEÑAMELLERA BAJA,AYUNTAMIENTO DE PEÑAMELLERA BAJA,,25/03/2022,AYUDA ECONÓMICA PARA SUFRAGAR GASTOS DEL CAMPEONATO DE ESPAÑA DE AJEDREZ.,https://sedeelectronica.aytopbpanes.es/,300.00 €,PERSONAS JURÍDICAS QUE NO DESARROLLAN ACTIVIDAD ECONÓMICA,Actividades deportivas,ES120 - Asturias,CULTURA
617449,NO,CALONGE,AYUNTAMIENTO DE CALONGE,,25/03/2022,SUBVENCION NOMINATIVA 2021 CLUB JUDO CALONGE SANT ANTONI,https://api.calonge.cat/sites/default/files/files/PRESSUPOST2021_compressed.pdf,"3,925.00 €",PERSONAS JURÍDICAS QUE NO DESARROLLAN ACTIVIDAD ECONÓMICA,"ACTIVIDADES ARTÍSTICAS, RECREATIVAS Y DE ENTRETENIMIENTO",ES512 - Girona,CULTURA
617448,NO,ESTADO,MINISTERIO PARA LA TRANSICIÓN ECOLÓGICA Y EL RETO DEMOGRÁFICO,FUNDACIÓN BIODIVERSIDAD,25/03/2022,"Convocatoria de concesión de subvenciones, en régimen de concurrencia competitiva, para la realización de proyectos del Programa empleaverde, cofinanciado por el Fondo Social Europeo en 2019",https://www.boe.es/diario_boe/txt.php?id=BOE-A-2019-1092,"4,302,159.87 €",PERSONAS JURÍDICAS QUE NO DESARROLLAN ACTIVIDAD ECONÓMICA,"AGRICULTURA, GANADERÍA, SILVICULTURA Y PESCA",ES - ESPAÑA ,FOMENTO DEL EMPLEO
617447,NO,REGIÓN DE MURCIA,INSTITUTO MURCIANO DE ACCION SOCIAL (I.M.A.S.),,25/03/2022,AYUNTAMIENTO DE BLANCA MANTENIMIENTO CENTRO DE DESARROLLO INFANTIL Y ATENCIÓN TEMPRANA,https://www.borm.es/services/anuncio/ano/2022/numero/310/pdf?id=799320,"11,719.00 €",PERSONAS JURÍDICAS QUE NO DESARROLLAN ACTIVIDAD ECONÓMICA,ACTIVIDADES SANITARIAS Y DE SERVICIOS SOCIALES,ES62 - REGION DE MURCIA,SERVICIOS SOCIALES Y PROMOCIÓN SOCIAL
617446,NO,ASCÓ,AYUNTAMIENTO DE ASCÓ,,25/03/2022,IV CONVENIO DE COLABORACIÓN ENTRE LA SOCIEDAD DE CAZADORES SAN MIQUEL DE ASCÓ Y EL AYUNTAMIENTO DE ASCÓ,BOPT,"20,500.00 €",PERSONAS JURÍDICAS QUE NO DESARROLLAN ACTIVIDAD ECONÓMICA,"ACTIVIDADES ARTÍSTICAS, RECREATIVAS Y DE ENTRETENIMIENTO",ES514 - Tarragona,CULTURA
617445,NO,REGIÓN DE MURCIA,INSTITUTO MURCIANO DE ACCION SOCIAL (I.M.A.S.),,25/03/2022,AYUNTAMIENTO DE ARCHENA MANTEMIMIENTO CENTRO DE DESARROLLO INFANTIL Y ATENCIÓN TEMPRANA,https://www.borm.es/services/anuncio/ano/2022/numero/310/pdf?id=799320,"57,851.00 €",PERSONAS JURÍDICAS QUE NO DESARROLLAN ACTIVIDAD ECONÓMICA,ACTIVIDADES SANITARIAS Y DE SERVICIOS SOCIALES,ES62 - REGION DE MURCIA,SERVICIOS SOCIALES Y PROMOCIÓN SOCIAL
617444,NO,COMUNITAT VALENCIANA,SECRETARÍA AUTONÓMICA DE ARQUITECTURA BIOCLIMÁTICA Y SOSTENIBILIDAD ENERGÉTICA,,25/03/2022,CONVENIO PARA ACTUACIONES URBANAS CREVILLENT 2022,NO DISPONIBLE,"150,000.00 €",PERSONAS JURÍDICAS QUE NO DESARROLLAN ACTIVIDAD ECONÓMICA,Construcción de edificios,ES521 - Alicante / Alacant,ACCESO A LA VIVIENDA Y FOMENTO DE LA EDIFICACIÓN
617443,NO,REGIÓN DE MURCIA,INSTITUTO MURCIANO DE ACCION SOCIAL (I.M.A.S.),,25/03/2022,AYUNTAMIENTO ALHAMA MANTENIMIENTO CENTRO DE ATENCIÓN TEMPRANA,https://www.borm.es/services/anuncio/ano/2022/numero/310/pdf?id=799320,"54,483.00 €",PERSONAS JURÍDICAS QUE NO DESARROLLAN ACTIVIDAD ECONÓMICA,ACTIVIDADES SANITARIAS Y DE SERVICIOS SOCIALES,ES62 - REGION DE MURCIA,SERVICIOS SOCIALES Y PROMOCIÓN SOCIAL
617442,NO,CABILDO INSULAR DE TENERIFE,CABILDO INSULAR DE TENERIFE,,25/03/2022,"Acuerdo del CG de fecha 21/12/2021 Adhesión al acuerdo entre el Ministerio de Transportes, Movilidad y Agenda Urbana, la Comunidad Autónoma de Canarias, y el Ayuntamiento de Santa Cruz de Tenerife, relativo al ARRU “Barrio de La Salud V”.",http://www.bopsantacruzdetenerife.es/bopsc2/index.php,"818,800.00 €",PERSONAS JURÍDICAS QUE NO DESARROLLAN ACTIVIDAD ECONÓMICA,CONSTRUCCIÓN,ES709 - Tenerife,ACCESO A LA VIVIENDA Y FOMENTO DE LA EDIFICACIÓN
617440,NO,CATALUÑA,OFICINA DE SUPORT A LA INICIATIVA CULTURAL,,25/03/2022,Subvenciones excluidas de concurrencia pública en el ámbito del fomento de la cultura catalana,http://economia.gencat.cat/ca/ambits-actuacio/ajuts-subvencions/planificacio/plans-estrategics/,"100,000.00 €",PERSONAS JURÍDICAS QUE NO DESARROLLAN ACTIVIDAD ECONÓMICA,"Actividades de bibliotecas, archivos, museos y otras actividades culturales",ES51 - CATALUÑA,CULTURA
617439,NO,REGIÓN DE MURCIA,INSTITUTO MURCIANO DE ACCION SOCIAL (I.M.A.S.),,25/03/2022,ALCANTARILLA MANTENIMIENTO CENTRO DE ATENCIÓN TEMPRANA,https://www.borm.es/services/anuncio/ano/2022/numero/310/pdf?id=799320,"88,003.00 €",PERSONAS JURÍDICAS QUE NO DESARROLLAN ACTIVIDAD ECONÓMICA,ACTIVIDADES SANITARIAS Y DE SERVICIOS SOCIALES,ES62 - REGION DE MURCIA,SERVICIOS SOCIALES Y PROMOCIÓN SOCIAL
617438,NO,ARAGÓN,INSTITUTO ARAGONÉS DE LA MUJER (IAM),,25/03/2022,"CONVENIO DE COLABORACIÓN ENTRE EL INSTITUTO ARAGONÉS DE LA MUJER Y LA COMARCA ALTO GALLEGO PARA LA PRESTACIÓN DEL SERVICIO DE ATENCIÓN PSICOLÓGICA, SOCIAL Y EDUCATIVA FAMILIAR",http://www.boa.aragon.es/cgi-bin/EBOA/BRSCGI?CMD=VEROBJ&MLKOB=847747263333&type=pdf,"61,490.22 €",PERSONAS JURÍDICAS QUE NO DESARROLLAN ACTIVIDAD ECONÓMICA,Administración Pública y de la política económica y social,ES24 - ARAGON,SERVICIOS SOCIALES Y PROMOCIÓN SOCIAL
617436,NO,DIPUTACIÓN PROV. DE VALENCIA,DIPUTACIÓN PROVINCIAL DE VALENCIA,,25/03/2022,Plan de Desarrollo Integral (PDI) de la comarca Rincón de Ademuz,https://bop.dival.es/,"61,200.00 €",PERSONAS JURÍDICAS QUE NO DESARROLLAN ACTIVIDAD ECONÓMICA,"AGRICULTURA, GANADERÍA, SILVICULTURA Y PESCA",ES523 - Valencia / València,"AGRICULTURA, PESCA Y ALIMENTACIÓN"
617435,NO,REGIÓN DE MURCIA,INSTITUTO MURCIANO DE ACCION SOCIAL (I.M.A.S.),,25/03/2022,AYUNT AGUILAS. MANTENIMIENTO CENTRO DE ATENCIÓN TEMPRANA,https://www.borm.es/services/anuncio/ano/2022/numero/310/pdf?id=799320,"127,000.00 €",PERSONAS JURÍDICAS QUE NO DESARROLLAN ACTIVIDAD ECONÓMICA,ACTIVIDADES SANITARIAS Y DE SERVICIOS SOCIALES,ES62 - REGION DE MURCIA,SERVICIOS SOCIALES Y PROMOCIÓN SOCIAL
617431,NO,OLOT,AYUNTAMIENTO DE OLOT,,25/03/2022,SUBVENCION NOMINATIVA ASSOCIACIO PLACERS,https://www.boe.es/buscar/act.php?id=BOE-A-2003-20977,"6,650.00 €",PERSONAS JURÍDICAS QUE NO DESARROLLAN ACTIVIDAD ECONÓMICA,Actividades asociativas,ES512 - Girona,"COMERCIO, TURISMO Y PYMES"
617429,NO,REGIÓN DE MURCIA,INSTITUTO MURCIANO DE ACCION SOCIAL (I.M.A.S.),,25/03/2022,AYTO ABARAN MANTENIMIENTO CENTRO DE DESARROLLO INFANTIL Y AT. TEMPRANA,https://www.borm.es/services/anuncio/ano/2022/numero/310/pdf?id=799320,"53,472.00 €",PERSONAS JURÍDICAS QUE NO DESARROLLAN ACTIVIDAD ECONÓMICA,ACTIVIDADES SANITARIAS Y DE SERVICIOS SOCIALES,ES62 - REGION DE MURCIA,SERVICIOS SOCIALES Y PROMOCIÓN SOCIAL
617428,NO,PEÑAMELLERA BAJA,AYUNTAMIENTO DE PEÑAMELLERA BAJA,,25/03/2022,CONVENIO ENTRE LA AMPA DEL COLEGIO PUBLICO JOVELLANOS DE PANES Y EL AYUNTAMIENTO DE PEÑAMELLERA BAJA,https://sedeelectronica.aytopbpanes.es/,"2,000.00 €",PERSONAS JURÍDICAS QUE NO DESARROLLAN ACTIVIDAD ECONÓMICA,"Actividades deportivas, recreativas y de entretenimiento",ES120 - Asturias,CULTURA
617425,NO,CALONGE,AYUNTAMIENTO DE CALONGE,,25/03/2022,SUBVENCION NOMINATIVA 2021 CLUB ESCOLA FUTBOL CALONGE-SANT ANTONI,https://api.calonge.cat/sites/default/files/files/PRESSUPOST2021_compressed.pdf,"42,700.00 €",PERSONAS JURÍDICAS QUE NO DESARROLLAN ACTIVIDAD ECONÓMICA,"ACTIVIDADES ARTÍSTICAS, RECREATIVAS Y DE ENTRETENIMIENTO",ES512 - Girona,CULTURA
617424,NO,REGIÓN DE MURCIA,INSTITUTO MURCIANO DE ACCION SOCIAL (I.M.A.S.),,25/03/2022,ASOCIACIÓN PROMETEO MANTENIMIENTO CENTRO DE ATENCIÓN TEMPRANA,https://www.borm.es/services/anuncio/ano/2022/numero/310/pdf?id=799320,"40,065.00 €",PERSONAS JURÍDICAS QUE NO DESARROLLAN ACTIVIDAD ECONÓMICA,ACTIVIDADES SANITARIAS Y DE SERVICIOS SOCIALES,ES62 - REGION DE MURCIA,SERVICIOS SOCIALES Y PROMOCIÓN SOCIAL
617422,NO,MURO,AYUNTAMIENTO DE MURO,,25/03/2022,"BASES DE LA CONVOCATORIA DE AYUDA A ESTUDIOS SUPERIORES (GRADOS Y CARRERAS UNIVERSITARIAS, MASTERS UNIVERSITARIOS, PROYECTOS FIN DE GRADO Y CICLOS FORMATIVOS DE GRADO SUPERIOR DE FORMACIÓN PROFESIONAL). CURSO 2021-2022",https://www.caib.es/eboibfront/pdf/ca/2022/41/1107888,"35,000.00 €",PERSONAS FÍSICAS QUE NO DESARROLLAN ACTIVIDAD ECONÓMICA,EDUCACIÓN,ES53 - ILLES BALEARS,EDUCACIÓN
617420,NO,COMUNIDAD FORAL DE NAVARRA,"DEPARTAMENTO DE PRESIDENCIA, IGUALDAD, FUNCIÓN PUBLICA E INTERIOR",,25/03/2022,Subvención nominativa a la Asociación de Ayuda en Carretera de Navarra (DYA) para 2022,http://www.lexnavarra.navarra.es/detalle.asp?r=4460,"203,000.00 €",PERSONAS JURÍDICAS QUE NO DESARROLLAN ACTIVIDAD ECONÓMICA,ADMINISTRACIÓN PÚBLICA Y DEFENSA; SEGURIDAD SOCIAL OBLIGATORIA,ES22 - COMUNIDAD FORAL DE NAVARRA,SEGURIDAD CIUDADANA E INSTITUCIONES PENITENCIARIAS
617419,NO,COMUNITAT VALENCIANA,SECRETARÍA AUTONÓMICA DE ARQUITECTURA BIOCLIMÁTICA Y SOSTENIBILIDAD ENERGÉTICA,,25/03/2022,CONVENIO PARA ACTUACIONES URBANAS CORTES ARENOSO 2022,NO DISPONIBLE,"60,000.00 €",PERSONAS JURÍDICAS QUE NO DESARROLLAN ACTIVIDAD ECONÓMICA,Construcción de edificios,ES522 - Castellón / Castelló,ACCESO A LA VIVIENDA Y FOMENTO DE LA EDIFICACIÓN
617418,NO,REGIÓN DE MURCIA,INSTITUTO MURCIANO DE ACCION SOCIAL (I.M.A.S.),,25/03/2022,DISMO ATENCIÓN TEMPRANA,https://www.borm.es/services/anuncio/ano/2022/numero/310/pdf?id=799320,"32,053.00 €",PERSONAS JURÍDICAS QUE NO DESARROLLAN ACTIVIDAD ECONÓMICA,ACTIVIDADES SANITARIAS Y DE SERVICIOS SOCIALES,ES62 - REGION DE MURCIA,SERVICIOS SOCIALES Y PROMOCIÓN SOCIAL
617416,NO,COMUNIDAD FORAL DE NAVARRA,DEPARTAMENTO DE RELACIONES CIUDADANAS,,25/03/2022,Subvención a la Fundación + 34 para el 2022,https://bon.navarra.es/es/anuncio/-/texto/2021/294/0,"15,000.00 €",PERSONAS FÍSICAS QUE NO DESARROLLAN ACTIVIDAD ECONÓMICA,ACTIVIDADES ADMINISTRATIVAS Y SERVICIOS AUXILIARES,XXXX - TODO EL MUNDO,SERVICIOS SOCIALES Y PROMOCIÓN SOCIAL
617415,NO,ESTADO,MINISTERIO PARA LA TRANSICIÓN ECOLÓGICA Y EL RETO DEMOGRÁFICO,FUNDACIÓN BIODIVERSIDAD,25/03/2022,"Convocatoria de subvenciones, en régimen de concurrencia competitiva, para la conexión de personas emprendedoras con el ecosistema de emprendimiento verde europeo del Programa empleaverde cofinanciado por el Fondo Social Europeo en 2020",https://www.boe.es/eli/es/res/2018/12/20/(5)/dof/spa/pdf,"173,922.78 €",PERSONAS JURÍDICAS QUE NO DESARROLLAN ACTIVIDAD ECONÓMICA,"AGRICULTURA, GANADERÍA, SILVICULTURA Y PESCA",ES - ESPAÑA ,FOMENTO DEL EMPLEO
617413,NO,REGIÓN DE MURCIA,INSTITUTO MURCIANO DE ACCION SOCIAL (I.M.A.S.),,25/03/2022,D' GENES ATENCIÓN TEMPRANA,https://www.borm.es/services/anuncio/ano/2022/numero/310/pdf?id=799320,"62,369.00 €",PERSONAS JURÍDICAS QUE NO DESARROLLAN ACTIVIDAD ECONÓMICA,ACTIVIDADES SANITARIAS Y DE SERVICIOS SOCIALES,ES62 - REGION DE MURCIA,SERVICIOS SOCIALES Y PROMOCIÓN SOCIAL
617411,NO,PRINCIPADO DE ASTURIAS,"CONSEJERÍA DE CULTURA, POLÍTICA LLINGÜÍSTICA Y TURISMO",,25/03/2022,Subvención nominativa a la Mancomunidad Comarca de la Sidra para el funcionamiento del Servicio de Normalización Lingüística durante el año 2022,http://sede.asturias.es/bopa/2021/12/31/2021-11414.pdf,"21,840.00 €",PERSONAS JURÍDICAS QUE NO DESARROLLAN ACTIVIDAD ECONÓMICA,"Actividades de bibliotecas, archivos, museos y otras actividades culturales",ES12 - PRINCIPADO DE ASTURIAS,CULTURA
617410,NO,PRINCIPADO DE ASTURIAS,"CONSEJERÍA DE CULTURA, POLÍTICA LLINGÜÍSTICA Y TURISMO",,25/03/2022,Subvención nominativa al Ayuntamiento de Grado para el funcionamiento del Servicio de Normalización Lingüística Grao-Candamo durante el año 2022,http://sede.asturias.es/bopa/2021/12/31/2021-11414.pdf,"19,400.00 €",PERSONAS JURÍDICAS QUE NO DESARROLLAN ACTIVIDAD ECONÓMICA,"Actividades de bibliotecas, archivos, museos y otras actividades culturales",ES12 - PRINCIPADO DE ASTURIAS,CULTURA
617409,NO,PRINCIPADO DE ASTURIAS,"CONSEJERÍA DE CULTURA, POLÍTICA LLINGÜÍSTICA Y TURISMO",,25/03/2022,Subvención nominativa al Ayuntamiento de Corvera para el funcionamiento de su Servicio de Normalización Lingüística durante el año 2022,http://sede.asturias.es/bopa/2021/12/31/2021-11414.pdf,"19,400.00 €",PERSONAS JURÍDICAS QUE NO DESARROLLAN ACTIVIDAD ECONÓMICA,"Actividades de bibliotecas, archivos, museos y otras actividades culturales",ES12 - PRINCIPADO DE ASTURIAS,CULTURA
617408,NO,PRINCIPADO DE ASTURIAS,"CONSEJERÍA DE CULTURA, POLÍTICA LLINGÜÍSTICA Y TURISMO",,25/03/2022,Subvención nominativa al Ayuntamiento de Cangas del Narcea para el funcionamiento de su Servicio de Normalización Lingüística durante el año 2022,http://sede.asturias.es/bopa/2021/12/31/2021-11414.pdf,"19,400.00 €",PERSONAS JURÍDICAS QUE NO DESARROLLAN ACTIVIDAD ECONÓMICA,"Actividades de bibliotecas, archivos, museos y otras actividades culturales",ES12 - PRINCIPADO DE ASTURIAS,CULTURA
617407,NO,PRINCIPADO DE ASTURIAS,CONSEJERÍA DE PRESIDENCIA,,25/03/2022,"Resolución 22 de marzo de 2022 por la que se concede subvención nominativa  a favor del Comité Español de la UNRWA para el desarrollo del progarama ""REfugiados Palestinos""",https://www.boe.es/eli/es/l/2021/12/28/22,"61,000.00 €",PERSONAS JURÍDICAS QUE NO DESARROLLAN ACTIVIDAD ECONÓMICA,ACTIVIDADES SANITARIAS Y DE SERVICIOS SOCIALES,"XXX - Regiones o países no europeos, no contemplados en NUTS",SERVICIOS SOCIALES Y PROMOCIÓN SOCIAL
617406,NO,PRINCIPADO DE ASTURIAS,CONSEJERÍA DE PRESIDENCIA,,25/03/2022,Resolución 18 de marzo de 2022 por laque se concede subvención a fvor de CODOPA para el desarrollo del programa Sensibilización 2022,https://www.boe.es/eli/es/l/2021/12/28/22,"75,000.00 €",PERSONAS JURÍDICAS QUE NO DESARROLLAN ACTIVIDAD ECONÓMICA,ACTIVIDADES SANITARIAS Y DE SERVICIOS SOCIALES,"XXX - Regiones o países no europeos, no contemplados en NUTS",SERVICIOS SOCIALES Y PROMOCIÓN SOCIAL
617405,NO,DIPUTACIÓN PROV. DE VALENCIA,DIPUTACIÓN PROVINCIAL DE VALENCIA,,25/03/2022,CONVOCATORIA SUBV. GREMIO PANADEROS Y PASTELEROS DE VALENCIA DESTINADA A ACTIVIDADES DEL GREMIO,https://bop.dival.es/,"20,000.00 €",PERSONAS JURÍDICAS QUE NO DESARROLLAN ACTIVIDAD ECONÓMICA,OTROS SERVICIOS,ES523 - Valencia / València,OTRAS PRESTACIONES ECONÓMICAS
617404,NO,REGIÓN DE MURCIA,INSTITUTO MURCIANO DE ACCION SOCIAL (I.M.A.S.),,25/03/2022,ASTEAMUR ATENCIÓN TEMPRANA,https://www.borm.es/services/anuncio/ano/2022/numero/310/pdf?id=799320,"68,835.00 €",PERSONAS JURÍDICAS QUE NO DESARROLLAN ACTIVIDAD ECONÓMICA,ACTIVIDADES SANITARIAS Y DE SERVICIOS SOCIALES,ES62 - REGION DE MURCIA,SERVICIOS SOCIALES Y PROMOCIÓN SOCIAL
617403,NO,CALONGE,AYUNTAMIENTO DE CALONGE,,25/03/2022,SUBVENCION NOMINATIVA 2021 CLUB HANDBOL CALONGE-SANT ANTONI,https://api.calonge.cat/sites/default/files/files/PRESSUPOST2021_compressed.pdf,"7,008.30 €",PERSONAS JURÍDICAS QUE NO DESARROLLAN ACTIVIDAD ECONÓMICA,"ACTIVIDADES ARTÍSTICAS, RECREATIVAS Y DE ENTRETENIMIENTO",ES512 - Girona,CULTURA
617400,NO,COMUNITAT VALENCIANA,SECRETARÍA AUTONÓMICA DE ARQUITECTURA BIOCLIMÁTICA Y SOSTENIBILIDAD ENERGÉTICA,,25/03/2022,CONVENIO PARA ACTUACIONES URBANAS CASTIELFABIB 2022,NO DISPONIBLE,"310,000.00 €",PERSONAS JURÍDICAS QUE NO DESARROLLAN ACTIVIDAD ECONÓMICA,Construcción de edificios,ES523 - Valencia / València,ACCESO A LA VIVIENDA Y FOMENTO DE LA EDIFICACIÓN
617399,NO,COMUNITAT VALENCIANA,SECRETARÍA AUTONÓMICA DE ARQUITECTURA BIOCLIMÁTICA Y SOSTENIBILIDAD ENERGÉTICA,,25/03/2022,CONVENIO PARA ACTUACIONES URBANAS CASTELLÓ DE RUGAT 2022,NO DISPONIBLE,"145,000.00 €",PERSONAS JURÍDICAS QUE NO DESARROLLAN ACTIVIDAD ECONÓMICA,Construcción de edificios,ES523 - Valencia / València,ACCESO A LA VIVIENDA Y FOMENTO DE LA EDIFICACIÓN
617398,NO,CATALUÑA,OFICINA DE SUPORT A LA INICIATIVA CULTURAL,,25/03/2022,Subvenciones excluidas de concurrencia pública en el ámbito del fomento de la lengua catalana,http://economia.gencat.cat/ca/ambits-actuacio/ajuts-subvencions/planificacio/plans-estrategics/,"1,176,780.00 €",PERSONAS JURÍDICAS QUE NO DESARROLLAN ACTIVIDAD ECONÓMICA,"Actividades de bibliotecas, archivos, museos y otras actividades culturales",ES51 - CATALUÑA,CULTURA
617396,NO,COMUNITAT VALENCIANA,SECRETARÍA AUTONÓMICA DE ARQUITECTURA BIOCLIMÁTICA Y SOSTENIBILIDAD ENERGÉTICA,,25/03/2022,CONVENIO PARA ACTUACIONES URBANAS CARRÍCOLA 2022,NO DISPONIBLE,"85,000.00 €",PERSONAS JURÍDICAS QUE NO DESARROLLAN ACTIVIDAD ECONÓMICA,Construcción de edificios,ES523 - Valencia / València,ACCESO A LA VIVIENDA Y FOMENTO DE LA EDIFICACIÓN
617394,NO,COMUNITAT VALENCIANA,SECRETARÍA AUTONÓMICA DE ARQUITECTURA BIOCLIMÁTICA Y SOSTENIBILIDAD ENERGÉTICA,,25/03/2022,CONVENIO PARA ACTUACIONES URBANAS CÀLIG 2022,NO DISPONIBLE,"60,000.00 €",PERSONAS JURÍDICAS QUE NO DESARROLLAN ACTIVIDAD ECONÓMICA,Construcción de edificios,ES522 - Castellón / Castelló,ACCESO A LA VIVIENDA Y FOMENTO DE LA EDIFICACIÓN
617392,NO,CATALUÑA,OFICINA DE SUPORT A LA INICIATIVA CULTURAL,,25/03/2022,Subvenciones excluidas de concurrencia pública en el ámbito del fomento de la cultura catalana,http://economia.gencat.cat/ca/ambits-actuacio/ajuts-subvencions/planificacio/plans-estrategics/,"30,000.00 €",PERSONAS JURÍDICAS QUE NO DESARROLLAN ACTIVIDAD ECONÓMICA,"Actividades de bibliotecas, archivos, museos y otras actividades culturales",ES51 - CATALUÑA,CULTURA
617391,NO,CATALUÑA,OFICINA DE SUPORT A LA INICIATIVA CULTURAL,,25/03/2022,Subvenciones excluidas de concurrencia pública en el ámbito del patrimonio cultural,http://economia.gencat.cat/ca/ambits-actuacio/ajuts-subvencions/planificacio/plans-estrategics/,"20,000.00 €",PERSONAS JURÍDICAS QUE NO DESARROLLAN ACTIVIDAD ECONÓMICA,"Actividades de bibliotecas, archivos, museos y otras actividades culturales",ES51 - CATALUÑA,CULTURA
617390,NO,CATALUÑA,OFICINA DE SUPORT A LA INICIATIVA CULTURAL,,25/03/2022,Subvenciones excluidas de concurrencia pública en el ámbito del patrimonio cultural,http://economia.gencat.cat/ca/ambits-actuacio/ajuts-subvencions/planificacio/plans-estrategics/,"85,410.00 €",PERSONAS JURÍDICAS QUE NO DESARROLLAN ACTIVIDAD ECONÓMICA,"Actividades de bibliotecas, archivos, museos y otras actividades culturales",ES51 - CATALUÑA,CULTURA
617389,NO,CATALUÑA,OFICINA DE SUPORT A LA INICIATIVA CULTURAL,,25/03/2022,Subvenciones excluidas de concurrencia pública en el ámbito del patrimonio cultural,http://economia.gencat.cat/ca/ambits-actuacio/ajuts-subvencions/planificacio/plans-estrategics/,"90,000.00 €",PERSONAS JURÍDICAS QUE NO DESARROLLAN ACTIVIDAD ECONÓMICA,"Actividades de bibliotecas, archivos, museos y otras actividades culturales",ES51 - CATALUÑA,CULTURA
617388,NO,CATALUÑA,OFICINA DE SUPORT A LA INICIATIVA CULTURAL,,25/03/2022,Subvenciones excluidas de concurrencia pública en el ámbito del fomento de la lengua catalana,http://economia.gencat.cat/ca/ambits-actuacio/ajuts-subvencions/planificacio/plans-estrategics/,"18,000.00 €",PERSONAS JURÍDICAS QUE NO DESARROLLAN ACTIVIDAD ECONÓMICA,"Actividades de bibliotecas, archivos, museos y otras actividades culturales",ES51 - CATALUÑA,CULTURA
617387,NO,CATALUÑA,OFICINA DE SUPORT A LA INICIATIVA CULTURAL,,25/03/2022,Subvenciones excluidas de concurrencia pública en el ámbito de la cultura popular y el patrimonio etnológico,http://economia.gencat.cat/ca/ambits-actuacio/ajuts-subvencions/planificacio/plans-estrategics/,"170,000.00 €",PERSONAS JURÍDICAS QUE NO DESARROLLAN ACTIVIDAD ECONÓMICA,"Actividades de bibliotecas, archivos, museos y otras actividades culturales",ES51 - CATALUÑA,CULTURA
617386,NO,CATALUÑA,OFICINA DE SUPORT A LA INICIATIVA CULTURAL,,25/03/2022,Subvenciones excluidas de concurrencia pública en el ámbito de la cooperación cultural,http://economia.gencat.cat/ca/ambits-actuacio/ajuts-subvencions/planificacio/plans-estrategics/,"500,000.00 €",PERSONAS JURÍDICAS QUE NO DESARROLLAN ACTIVIDAD ECONÓMICA,"Actividades de creación, artísticas y espectáculos",ES51 - CATALUÑA,CULTURA
617384,NO,COMUNITAT VALENCIANA,SECRETARÍA AUTONÓMICA DE ARQUITECTURA BIOCLIMÁTICA Y SOSTENIBILIDAD ENERGÉTICA,,25/03/2022,CONVENIO PARA ACTUACIONES URBANAS BURJASSOT 2022,NO DISPONIBLE,"345,000.00 €",PERSONAS JURÍDICAS QUE NO DESARROLLAN ACTIVIDAD ECONÓMICA,Construcción de edificios,ES523 - Valencia / València,ACCESO A LA VIVIENDA Y FOMENTO DE LA EDIFICACIÓN
617383,NO,COMUNITAT VALENCIANA,SECRETARÍA AUTONÓMICA DE ARQUITECTURA BIOCLIMÁTICA Y SOSTENIBILIDAD ENERGÉTICA,,25/03/2022,CONVENIO PARA ACTUACIONES URBANAS BUÑOL 2022,NO DISPONIBLE,"265,000.00 €",PERSONAS JURÍDICAS QUE NO DESARROLLAN ACTIVIDAD ECONÓMICA,Construcción de edificios,ES523 - Valencia / València,ACCESO A LA VIVIENDA Y FOMENTO DE LA EDIFICACIÓN
617380,NO,COMUNITAT VALENCIANA,SECRETARÍA AUTONÓMICA DE ARQUITECTURA BIOCLIMÁTICA Y SOSTENIBILIDAD ENERGÉTICA,,25/03/2022,CONVENIO PARA ACTUACIONES URBANAS BORRIOL 2022,NO DISPONIBLE,"90,000.00 €",PERSONAS JURÍDICAS QUE NO DESARROLLAN ACTIVIDAD ECONÓMICA,Construcción de edificios,ES522 - Castellón / Castelló,ACCESO A LA VIVIENDA Y FOMENTO DE LA EDIFICACIÓN
617378,NO,COMUNITAT VALENCIANA,SECRETARÍA AUTONÓMICA DE ARQUITECTURA BIOCLIMÁTICA Y SOSTENIBILIDAD ENERGÉTICA,,25/03/2022,CONVENIO PARA ACTUACIONES URBANAS BENISSA 2022,NO DISPONIBLE,"160,000.00 €",PERSONAS JURÍDICAS QUE NO DESARROLLAN ACTIVIDAD ECONÓMICA,Construcción de edificios,ES521 - Alicante / Alacant,ACCESO A LA VIVIENDA Y FOMENTO DE LA EDIFICACIÓN
617376,NO,COMUNITAT VALENCIANA,SECRETARÍA AUTONÓMICA DE ARQUITECTURA BIOCLIMÁTICA Y SOSTENIBILIDAD ENERGÉTICA,,25/03/2022,CONVENIO PARA ACTUACIONES URBANAS BENIFLÀ 2022,NO DISPONIBLE,"20,000.00 €",PERSONAS JURÍDICAS QUE NO DESARROLLAN ACTIVIDAD ECONÓMICA,Construcción de edificios,ES523 - Valencia / València,ACCESO A LA VIVIENDA Y FOMENTO DE LA EDIFICACIÓN
617375,NO,GELVES,AYUNTAMIENTO DE GELVES,,25/03/2022,SUBVENCION NOMINATIVA A HERMANDAD SACRAMENTAL NUESTRA SEÑORA DE GRACIA DE GELVES,http://transparencia.gelves.es/es/transparencia/indicadores-de-transparencia/indicador/78.-Se-publican-los-Presupuestos-del-Ayuntamiento-con-descripcion-de-las-principales-partidas-presupuestarias-e-informacion-actualizada-al-menos-trimestralmente-sobre-s,"1,200.00 €",PERSONAS JURÍDICAS QUE NO DESARROLLAN ACTIVIDAD ECONÓMICA,OTROS SERVICIOS,ES618 - Sevilla,SERVICIOS SOCIALES Y PROMOCIÓN SOCIAL
617374,NO,ILLES BALEARS,DIRECCIÓN GENERAL DE POLÍTICA INDUSTRIAL,,25/03/2022,"Resolución del consejero de Fondos Europeos, Universidad y Cultura por la que se establece la convocatoria de ayudas para llevar a cabo actuaciones de política estratégica universitaria que dinamicen la vida universitaria de las Illes Balears",http://boib.caib.es/pdf/2009100/mp41.pdf,"15,000.00 €",PERSONAS JURÍDICAS QUE NO DESARROLLAN ACTIVIDAD ECONÓMICA,Educación,ES53 - ILLES BALEARS,EDUCACIÓN
617372,NO,COMUNITAT VALENCIANA,SECRETARÍA AUTONÓMICA DE ARQUITECTURA BIOCLIMÁTICA Y SOSTENIBILIDAD ENERGÉTICA,,25/03/2022,CONVENIO PARA ACTUACIONES URBANAS BENICARLÓ 2022,NO DISPONIBLE,"120,000.00 €",PERSONAS JURÍDICAS QUE NO DESARROLLAN ACTIVIDAD ECONÓMICA,Construcción de edificios,ES522 - Castellón / Castelló,ACCESO A LA VIVIENDA Y FOMENTO DE LA EDIFICACIÓN
617370,NO,"GARRIGA, LA","AYUNTAMIENTO DE GARRIGA, LA",,25/03/2022,"PREMIOS CARTEL  FIESTA MAYOR, 2022",https://bop.diba.cat/scripts/ftpisa.aspx?fnew?bop2018&04/022018007956.pdf&1,375.00 €,PERSONAS JURÍDICAS QUE NO DESARROLLAN ACTIVIDAD ECONÓMICA,OTROS SERVICIOS,ES511 - Barcelona,CULTURA
617369,NO,COMUNITAT VALENCIANA,SECRETARÍA AUTONÓMICA DE ARQUITECTURA BIOCLIMÁTICA Y SOSTENIBILIDAD ENERGÉTICA,,25/03/2022,CONVENIO PARA ACTUACIONES URBANAS BANASSAL 2022,NO DISPONIBLE,"130,000.00 €",PERSONAS JURÍDICAS QUE NO DESARROLLAN ACTIVIDAD ECONÓMICA,Construcción de edificios,ES522 - Castellón / Castelló,ACCESO A LA VIVIENDA Y FOMENTO DE LA EDIFICACIÓN
617367,NO,COMUNITAT VALENCIANA,SECRETARÍA AUTONÓMICA DE ARQUITECTURA BIOCLIMÁTICA Y SOSTENIBILIDAD ENERGÉTICA,,25/03/2022,CONVENIO PARA ACTUACIONES URBANAS BANYERES DE MARIOLA 2022,NO DISPONIBLE,"130,000.00 €",PERSONAS JURÍDICAS QUE NO DESARROLLAN ACTIVIDAD ECONÓMICA,Construcción de edificios,ES521 - Alicante / Alacant,ACCESO A LA VIVIENDA Y FOMENTO DE LA EDIFICACIÓN
617365,NO,COMUNITAT VALENCIANA,SECRETARÍA AUTONÓMICA DE ARQUITECTURA BIOCLIMÁTICA Y SOSTENIBILIDAD ENERGÉTICA,,25/03/2022,CONVENIO PARA ACTUACIONES URBANAS AYORA 2022,NO DISPONIBLE,"345,000.00 €",PERSONAS JURÍDICAS QUE NO DESARROLLAN ACTIVIDAD ECONÓMICA,Construcción de edificios,ES523 - Valencia / València,ACCESO A LA VIVIENDA Y FOMENTO DE LA EDIFICACIÓN
617364,NO,COMUNITAT VALENCIANA,SECRETARÍA AUTONÓMICA DE ARQUITECTURA BIOCLIMÁTICA Y SOSTENIBILIDAD ENERGÉTICA,,25/03/2022,CONVENIO PARA ACTUACIONES URBANAS ATZENETA DEL MAESTRAT 2022,NO DISPONIBLE,"35,000.00 €",PERSONAS JURÍDICAS QUE NO DESARROLLAN ACTIVIDAD ECONÓMICA,Construcción de edificios,ES522 - Castellón / Castelló,ACCESO A LA VIVIENDA Y FOMENTO DE LA EDIFICACIÓN
617363,NO,ESTADO,MINISTERIO PARA LA TRANSICIÓN ECOLÓGICA Y EL RETO DEMOGRÁFICO,FUNDACIÓN BIODIVERSIDAD,25/03/2022,"Convocatoria de subvenciones, en régimen de concurrencia competitiva, para la realización de proyectos de formación y apoyo a personas emprendedoras para la creación de empresas en el marco del Programa empleaverde cofinanciado por el Fondo Social Europeo",https://www.boe.es/eli/es/res/2018/12/20/(5)/dof/spa/pdf,"703,902.11 €",PERSONAS JURÍDICAS QUE NO DESARROLLAN ACTIVIDAD ECONÓMICA,"AGRICULTURA, GANADERÍA, SILVICULTURA Y PESCA",ES - ESPAÑA ,FOMENTO DEL EMPLEO
617362,NO,CABILDO INSULAR DE GRAN CANARIA,AUTORIDAD ÚNICA DEL TRANSPORTE,,25/03/2022,Concesión de subvención directa a las operadoras del transporte público regular de viajeros. Ejercicio 2021.,https://autgc.sedelectronica.es/transparency/e8dcfaf2-8367-47a7-be08-94c136313076/,"21,831,526.67 €",GRAN EMPRESA,Otro transporte terrestre de pasajeros,ES705 - Gran Canaria,SUBVENCIONES AL TRANSPORTE
617361,NO,ESTADO,MINISTERIO PARA LA TRANSICIÓN ECOLÓGICA Y EL RETO DEMOGRÁFICO,FUNDACIÓN BIODIVERSIDAD,25/03/2022,"Convocatoria de subvenciones, en régimen de concurrencia competitiva, para la realización de proyectos de mejora de competencias para personas trabajadoras en el marco del Programa empleaverde cofinanciado por el Fondo Social Europeo en 2020",https://www.boe.es/eli/es/res/2018/12/20/(5)/dof/spa/pdf,"3,958,039.79 €",PERSONAS JURÍDICAS QUE NO DESARROLLAN ACTIVIDAD ECONÓMICA,"AGRICULTURA, GANADERÍA, SILVICULTURA Y PESCA",ES - ESPAÑA ,FOMENTO DEL EMPLEO
617360,NO,OLOT,AYUNTAMIENTO DE OLOT,,25/03/2022,SUBVENCIÓN NOMINATIVA ACO,https://www.boe.es/buscar/act.php?id=BOE-A-2003-20977,"34,200.00 €",PERSONAS JURÍDICAS QUE NO DESARROLLAN ACTIVIDAD ECONÓMICA,COMERCIO AL POR MAYOR Y AL POR MENOR; REPARACIÓN DE VEHÍCULOS DE MOTOR Y MOTOCICLETAS,ES512 - Girona,"COMERCIO, TURISMO Y PYMES"
617358,NO,REGIÓN DE MURCIA,INSTITUTO MURCIANO DE ACCION SOCIAL (I.M.A.S.),,25/03/2022,ASINTER ATENCION TEMPRANA,https://www.borm.es/services/anuncio/ano/2022/numero/310/pdf?id=799320,"43,159.00 €",PERSONAS JURÍDICAS QUE NO DESARROLLAN ACTIVIDAD ECONÓMICA,ACTIVIDADES SANITARIAS Y DE SERVICIOS SOCIALES,ES62 - REGION DE MURCIA,SERVICIOS SOCIALES Y PROMOCIÓN SOCIAL
617357,NO,VIC,AYUNTAMIENTO DE VIC,,25/03/2022,SUBVENCIÓN CONVENIO CINECLUB VIC,http://bop.diba.cat/anunci/3002539/aprovacio-definitiva-de-l-ordenanca-general-de-subvencions-ajuntament-de-vic,"27,000.00 €",PERSONAS JURÍDICAS QUE NO DESARROLLAN ACTIVIDAD ECONÓMICA,"ACTIVIDADES ARTÍSTICAS, RECREATIVAS Y DE ENTRETENIMIENTO",ES511 - Barcelona,CULTURA
